-- phpMyAdmin SQL Dump
-- version 4.4.10
-- http://www.phpmyadmin.net
--
-- Host: localhost:3306
-- Generation Time: Jun 10, 2016 at 09:23 AM
-- Server version: 5.5.42
-- PHP Version: 7.0.0

SET SQL_MODE = "NO_AUTO_VALUE_ON_ZERO";
SET time_zone = "+00:00";


/*!40101 SET @OLD_CHARACTER_SET_CLIENT=@@CHARACTER_SET_CLIENT */;
/*!40101 SET @OLD_CHARACTER_SET_RESULTS=@@CHARACTER_SET_RESULTS */;
/*!40101 SET @OLD_COLLATION_CONNECTION=@@COLLATION_CONNECTION */;
/*!40101 SET NAMES utf8mb4 */;

--
-- Database: `dev_apps`
--

-- --------------------------------------------------------

--
-- Table structure for table `devices`
--

CREATE TABLE `devices` (
  `id` int(11) unsigned NOT NULL,
  `device_id` varchar(255) COLLATE utf8_unicode_ci NOT NULL,
  `type` varchar(255) COLLATE utf8_unicode_ci DEFAULT NULL,
  `os_version` varchar(255) COLLATE utf8_unicode_ci DEFAULT NULL,
  `localize` varchar(25) COLLATE utf8_unicode_ci DEFAULT NULL,
  `created_on` int(11) unsigned NOT NULL
) ENGINE=InnoDB DEFAULT CHARSET=utf8 COLLATE=utf8_unicode_ci;

-- --------------------------------------------------------

--
-- Table structure for table `fb_categories`
--

CREATE TABLE `fb_categories` (
  `id` int(11) unsigned NOT NULL,
  `name` varchar(255) COLLATE utf8_unicode_ci NOT NULL,
  `description` text COLLATE utf8_unicode_ci,
  `created_on` int(11) unsigned NOT NULL,
  `active` tinyint(1) unsigned NOT NULL DEFAULT '1',
  `updated_on` int(11) unsigned DEFAULT NULL
) ENGINE=InnoDB AUTO_INCREMENT=4 DEFAULT CHARSET=utf8 COLLATE=utf8_unicode_ci;

--
-- Dumping data for table `fb_categories`
--

INSERT INTO `fb_categories` (`id`, `name`, `description`, `created_on`, `active`, `updated_on`) VALUES
(1, 'Brazil', 'All relate to Brazil', 1465526878, 1, NULL),
(2, 'Arsenal', NULL, 1465533244, 1, NULL),
(3, 'Premier league', NULL, 1465533268, 1, NULL);

-- --------------------------------------------------------

--
-- Table structure for table `fb_categories_videos`
--

CREATE TABLE `fb_categories_videos` (
  `id` int(11) unsigned NOT NULL,
  `category_id` int(11) unsigned NOT NULL,
  `video_id` int(11) unsigned NOT NULL
) ENGINE=InnoDB AUTO_INCREMENT=8 DEFAULT CHARSET=utf8 COLLATE=utf8_unicode_ci;

--
-- Dumping data for table `fb_categories_videos`
--

INSERT INTO `fb_categories_videos` (`id`, `category_id`, `video_id`) VALUES
(1, 2, 2),
(2, 1, 2),
(4, 1, 1),
(5, 2, 1),
(6, 3, 1),
(7, 1, 3);

-- --------------------------------------------------------

--
-- Table structure for table `fb_videos`
--

CREATE TABLE `fb_videos` (
  `id` int(11) unsigned NOT NULL,
  `name` varchar(255) COLLATE utf8_unicode_ci NOT NULL,
  `short_description` varchar(255) COLLATE utf8_unicode_ci NOT NULL,
  `description` text COLLATE utf8_unicode_ci,
  `video_url` varchar(255) COLLATE utf8_unicode_ci NOT NULL,
  `type` varchar(255) COLLATE utf8_unicode_ci NOT NULL,
  `created_on` int(11) unsigned NOT NULL,
  `updated_on` int(11) unsigned DEFAULT NULL,
  `created_by_id` int(11) unsigned DEFAULT NULL,
  `approved` tinyint(2) unsigned DEFAULT '0',
  `updated_by_id` int(11) unsigned DEFAULT NULL,
  `active` tinyint(1) unsigned NOT NULL DEFAULT '1'
) ENGINE=InnoDB AUTO_INCREMENT=4 DEFAULT CHARSET=utf8 COLLATE=utf8_unicode_ci;

--
-- Dumping data for table `fb_videos`
--

INSERT INTO `fb_videos` (`id`, `name`, `short_description`, `description`, `video_url`, `type`, `created_on`, `updated_on`, `created_by_id`, `approved`, `updated_by_id`, `active`) VALUES
(1, 'First video', 'sacas', NULL, 'http://24h-video.24hstatic.com/upload/2-2016/videoclip/2016-06-08/1465342331-spain_v_georgia_01.mp4', 'mp4', 1465543391, 1465531701, 1, 2, 3, 1),
(2, 'Youtube Video', 'ACsc', NULL, 'http://www.youtube.com/embed/XGSy3_Czz8k', 'youtube', 1465542795, 1465531704, 3, 2, 3, 1),
(3, 'Nhung bai hat hay nhat', 'sacas', 'asa', 'https://www.youtube.com/embed/NwOHfjczNtg', 'youtube', 1465543363, 1465531708, 1, 2, 3, 1);

-- --------------------------------------------------------

--
-- Table structure for table `ff_categories`
--

CREATE TABLE `ff_categories` (
  `id` int(11) unsigned NOT NULL,
  `name` varchar(255) COLLATE utf8_unicode_ci NOT NULL,
  `description` text COLLATE utf8_unicode_ci,
  `created_by_id` int(11) unsigned DEFAULT NULL,
  `created_on` int(11) unsigned NOT NULL,
  `icon_url` varchar(255) COLLATE utf8_unicode_ci DEFAULT NULL,
  `recycled` tinyint(1) DEFAULT '0'
) ENGINE=InnoDB DEFAULT CHARSET=utf8 COLLATE=utf8_unicode_ci;

-- --------------------------------------------------------

--
-- Table structure for table `ff_dialogues`
--

CREATE TABLE `ff_dialogues` (
  `id` int(11) unsigned NOT NULL,
  `name` varchar(255) COLLATE utf8_unicode_ci NOT NULL,
  `content` text COLLATE utf8_unicode_ci NOT NULL,
  `icon_url` varchar(255) COLLATE utf8_unicode_ci NOT NULL,
  `audio_url` varchar(255) COLLATE utf8_unicode_ci NOT NULL,
  `created_on` int(11) unsigned NOT NULL,
  `inspector_id` int(11) unsigned DEFAULT NULL,
  `recycled` tinyint(1) DEFAULT '0',
  `updated_on` int(11) unsigned DEFAULT NULL,
  `updated_by_id` int(11) unsigned DEFAULT NULL,
  `approved` tinyint(1) DEFAULT '0',
  `category_id` int(11) unsigned DEFAULT NULL,
  `content_url` varchar(255) COLLATE utf8_unicode_ci DEFAULT NULL,
  `created_by_id` int(11) unsigned DEFAULT NULL
) ENGINE=InnoDB DEFAULT CHARSET=utf8 COLLATE=utf8_unicode_ci;

-- --------------------------------------------------------

--
-- Table structure for table `groups`
--

CREATE TABLE `groups` (
  `id` int(11) unsigned NOT NULL,
  `name` varchar(20) NOT NULL,
  `description` varchar(100) NOT NULL
) ENGINE=InnoDB DEFAULT CHARSET=utf8;

-- --------------------------------------------------------

--
-- Table structure for table `login_attempts`
--

CREATE TABLE `login_attempts` (
  `id` int(11) unsigned NOT NULL,
  `ip_address` varchar(15) NOT NULL,
  `login` varchar(100) NOT NULL,
  `time` int(11) unsigned DEFAULT NULL,
  `user_id` int(11) unsigned NOT NULL
) ENGINE=InnoDB DEFAULT CHARSET=utf8;

-- --------------------------------------------------------

--
-- Table structure for table `nlp_languages`
--

CREATE TABLE `nlp_languages` (
  `id` int(11) NOT NULL,
  `name` varchar(255) COLLATE utf8_unicode_ci NOT NULL,
  `code` varchar(25) COLLATE utf8_unicode_ci DEFAULT NULL
) ENGINE=InnoDB DEFAULT CHARSET=utf8 COLLATE=utf8_unicode_ci;

-- --------------------------------------------------------

--
-- Table structure for table `nlp_words`
--

CREATE TABLE `nlp_words` (
  `id` int(11) unsigned NOT NULL,
  `value` varchar(100) COLLATE utf8_unicode_ci NOT NULL,
  `language` varchar(25) COLLATE utf8_unicode_ci NOT NULL DEFAULT 'en'
) ENGINE=InnoDB DEFAULT CHARSET=utf8 COLLATE=utf8_unicode_ci;

-- --------------------------------------------------------

--
-- Table structure for table `projects`
--

CREATE TABLE `projects` (
  `id` int(11) unsigned NOT NULL,
  `name` varchar(255) COLLATE utf8_unicode_ci NOT NULL,
  `description` text COLLATE utf8_unicode_ci NOT NULL,
  `created_by_id` int(11) unsigned DEFAULT NULL,
  `created_on` int(11) NOT NULL,
  `project_icon` varchar(255) COLLATE utf8_unicode_ci DEFAULT NULL,
  `recycled` tinyint(1) NOT NULL DEFAULT '0',
  `appstore_url` varchar(255) COLLATE utf8_unicode_ci DEFAULT NULL,
  `googleplay_url` varchar(255) COLLATE utf8_unicode_ci DEFAULT NULL
) ENGINE=InnoDB DEFAULT CHARSET=utf8 COLLATE=utf8_unicode_ci;

-- --------------------------------------------------------

--
-- Table structure for table `requests`
--

CREATE TABLE `requests` (
  `id` int(11) unsigned NOT NULL,
  `http_user_agent` varchar(128) COLLATE utf8_unicode_ci DEFAULT NULL,
  `script_uri` int(255) DEFAULT NULL,
  `created_on` int(11) unsigned NOT NULL,
  `user_id` int(11) unsigned NOT NULL
) ENGINE=InnoDB DEFAULT CHARSET=utf8 COLLATE=utf8_unicode_ci;

-- --------------------------------------------------------

--
-- Table structure for table `users`
--

CREATE TABLE `users` (
  `id` int(11) unsigned NOT NULL,
  `ip_address` varchar(15) NOT NULL,
  `username` varchar(100) NOT NULL,
  `password` varchar(255) NOT NULL,
  `salt` varchar(255) DEFAULT NULL,
  `email` varchar(100) DEFAULT NULL,
  `activation_code` varchar(40) DEFAULT NULL,
  `forgotten_password_code` varchar(40) DEFAULT NULL,
  `forgotten_password_time` int(11) unsigned DEFAULT NULL,
  `remember_code` varchar(40) DEFAULT NULL,
  `created_on` int(11) unsigned NOT NULL,
  `last_login` int(11) unsigned DEFAULT NULL,
  `active` tinyint(1) unsigned NOT NULL DEFAULT '1',
  `first_name` varchar(50) DEFAULT NULL,
  `last_name` varchar(50) DEFAULT NULL,
  `company` varchar(100) DEFAULT NULL,
  `phone` varchar(20) DEFAULT NULL,
  `api_key` varchar(128) DEFAULT NULL
) ENGINE=InnoDB AUTO_INCREMENT=4 DEFAULT CHARSET=utf8;

--
-- Dumping data for table `users`
--

INSERT INTO `users` (`id`, `ip_address`, `username`, `password`, `salt`, `email`, `activation_code`, `forgotten_password_code`, `forgotten_password_time`, `remember_code`, `created_on`, `last_login`, `active`, `first_name`, `last_name`, `company`, `phone`, `api_key`) VALUES
(1, '127.0.0.1', 'admin', 'bbfddab000efbca7ead008b5073c40d1:BnF3cbad0U6TyRgrH360qn26Dk6I1w8E', NULL, 'admin@vns.com', NULL, NULL, NULL, NULL, 1465524954, NULL, 1, 'Admin', 'Supper', 'Vicnisoft', '0936423778', 'MjIyYjA3ZGNlYjNiYmFiMDZiMGRmY2UwYmI3YTBkNWZjMzM4NjFhYw'),
(2, '127.0.0.1', 'mod', '335784f038bfaedc624d7ea3e22c7553:pxXA4mkqHRSZp254o1NVtyMqqsw2ljlo', NULL, 'admin@vns.com', NULL, NULL, NULL, NULL, 1465525217, NULL, 1, 'Can', 'Ngo', 'Symfony', '0936423778', 'ZTc5Y2ZkZDZlMzBlOWU3YmQxY2NiY2NlMjY5YjExOWMzOWY2OWM2Ng'),
(3, '127.0.0.1', 'canngo', '1333d1fdcd0ca735319b71d746e3fe7c:FdQFR8ya4ZtxdPp5MN9K7Zl6c3NX8axN', NULL, 'ngocongcan@gmail.com', NULL, NULL, NULL, NULL, 1465527066, NULL, 1, 'Can', 'Ngo', NULL, NULL, 'NjQzYjk0MTE2YWYyM2NjMzgwNzlmYzNjMzU1YzQ1ZDk0ZTJiOWRiMA');

-- --------------------------------------------------------

--
-- Table structure for table `users_devices`
--

CREATE TABLE `users_devices` (
  `id` int(11) unsigned NOT NULL,
  `user_id` int(11) unsigned NOT NULL,
  `device_id` int(11) unsigned NOT NULL,
  `last_active` int(11) unsigned NOT NULL,
  `active` tinyint(1) unsigned NOT NULL DEFAULT '1',
  `count` int(11) unsigned NOT NULL DEFAULT '0',
  `project_id` int(11) unsigned NOT NULL,
  `device_identifiter` varchar(255) COLLATE utf8_unicode_ci DEFAULT NULL
) ENGINE=InnoDB DEFAULT CHARSET=utf8 COLLATE=utf8_unicode_ci;

-- --------------------------------------------------------

--
-- Table structure for table `users_groups`
--

CREATE TABLE `users_groups` (
  `id` int(11) unsigned NOT NULL,
  `user_id` int(11) unsigned NOT NULL,
  `group_id` int(11) unsigned NOT NULL
) ENGINE=InnoDB DEFAULT CHARSET=utf8;

--
-- Indexes for dumped tables
--

--
-- Indexes for table `devices`
--
ALTER TABLE `devices`
  ADD PRIMARY KEY (`id`);

--
-- Indexes for table `fb_categories`
--
ALTER TABLE `fb_categories`
  ADD PRIMARY KEY (`id`);

--
-- Indexes for table `fb_categories_videos`
--
ALTER TABLE `fb_categories_videos`
  ADD PRIMARY KEY (`id`),
  ADD KEY `index_fb_categories_videos_categories` (`category_id`),
  ADD KEY `index_fb_categories_videos_video` (`video_id`);

--
-- Indexes for table `fb_videos`
--
ALTER TABLE `fb_videos`
  ADD PRIMARY KEY (`id`),
  ADD KEY `index_fb_videos_users` (`created_by_id`),
  ADD KEY `index_fb_videos_users_update` (`updated_by_id`);

--
-- Indexes for table `ff_categories`
--
ALTER TABLE `ff_categories`
  ADD PRIMARY KEY (`id`),
  ADD KEY `index_created_by_in` (`created_by_id`);

--
-- Indexes for table `ff_dialogues`
--
ALTER TABLE `ff_dialogues`
  ADD PRIMARY KEY (`id`),
  ADD KEY `index_inspector_id` (`inspector_id`),
  ADD KEY `index_updated_by_id` (`updated_by_id`) USING BTREE,
  ADD KEY `index_ff_dialogues_create_by_id` (`created_by_id`),
  ADD KEY `fk_categories_id_idx` (`category_id`);

--
-- Indexes for table `groups`
--
ALTER TABLE `groups`
  ADD PRIMARY KEY (`id`);

--
-- Indexes for table `login_attempts`
--
ALTER TABLE `login_attempts`
  ADD PRIMARY KEY (`id`),
  ADD KEY `index_login_attempts_users` (`user_id`);

--
-- Indexes for table `nlp_languages`
--
ALTER TABLE `nlp_languages`
  ADD PRIMARY KEY (`id`);

--
-- Indexes for table `nlp_words`
--
ALTER TABLE `nlp_words`
  ADD PRIMARY KEY (`id`),
  ADD UNIQUE KEY `nlp_words_index_value` (`value`);

--
-- Indexes for table `projects`
--
ALTER TABLE `projects`
  ADD PRIMARY KEY (`id`),
  ADD KEY `index_created_by_id` (`created_by_id`);

--
-- Indexes for table `requests`
--
ALTER TABLE `requests`
  ADD PRIMARY KEY (`id`),
  ADD KEY `index_requests_users` (`user_id`);

--
-- Indexes for table `users`
--
ALTER TABLE `users`
  ADD PRIMARY KEY (`id`),
  ADD UNIQUE KEY `index_users_username` (`username`) USING BTREE,
  ADD UNIQUE KEY `index_users_api_key` (`api_key`) USING BTREE;

--
-- Indexes for table `users_devices`
--
ALTER TABLE `users_devices`
  ADD PRIMARY KEY (`id`),
  ADD KEY `index_users_devices_user` (`user_id`),
  ADD KEY `index_users_devices_device` (`device_id`),
  ADD KEY `index_users_devices_projects` (`project_id`);

--
-- Indexes for table `users_groups`
--
ALTER TABLE `users_groups`
  ADD PRIMARY KEY (`id`),
  ADD UNIQUE KEY `uc_users_groups` (`user_id`,`group_id`),
  ADD KEY `fk_users_groups_users1_idx` (`user_id`),
  ADD KEY `fk_users_groups_groups1_idx` (`group_id`);

--
-- AUTO_INCREMENT for dumped tables
--

--
-- AUTO_INCREMENT for table `devices`
--
ALTER TABLE `devices`
  MODIFY `id` int(11) unsigned NOT NULL AUTO_INCREMENT;
--
-- AUTO_INCREMENT for table `fb_categories`
--
ALTER TABLE `fb_categories`
  MODIFY `id` int(11) unsigned NOT NULL AUTO_INCREMENT,AUTO_INCREMENT=4;
--
-- AUTO_INCREMENT for table `fb_categories_videos`
--
ALTER TABLE `fb_categories_videos`
  MODIFY `id` int(11) unsigned NOT NULL AUTO_INCREMENT,AUTO_INCREMENT=8;
--
-- AUTO_INCREMENT for table `fb_videos`
--
ALTER TABLE `fb_videos`
  MODIFY `id` int(11) unsigned NOT NULL AUTO_INCREMENT,AUTO_INCREMENT=4;
--
-- AUTO_INCREMENT for table `ff_categories`
--
ALTER TABLE `ff_categories`
  MODIFY `id` int(11) unsigned NOT NULL AUTO_INCREMENT;
--
-- AUTO_INCREMENT for table `ff_dialogues`
--
ALTER TABLE `ff_dialogues`
  MODIFY `id` int(11) unsigned NOT NULL AUTO_INCREMENT;
--
-- AUTO_INCREMENT for table `groups`
--
ALTER TABLE `groups`
  MODIFY `id` int(11) unsigned NOT NULL AUTO_INCREMENT;
--
-- AUTO_INCREMENT for table `login_attempts`
--
ALTER TABLE `login_attempts`
  MODIFY `id` int(11) unsigned NOT NULL AUTO_INCREMENT;
--
-- AUTO_INCREMENT for table `nlp_languages`
--
ALTER TABLE `nlp_languages`
  MODIFY `id` int(11) NOT NULL AUTO_INCREMENT;
--
-- AUTO_INCREMENT for table `nlp_words`
--
ALTER TABLE `nlp_words`
  MODIFY `id` int(11) unsigned NOT NULL AUTO_INCREMENT;
--
-- AUTO_INCREMENT for table `projects`
--
ALTER TABLE `projects`
  MODIFY `id` int(11) unsigned NOT NULL AUTO_INCREMENT;
--
-- AUTO_INCREMENT for table `requests`
--
ALTER TABLE `requests`
  MODIFY `id` int(11) unsigned NOT NULL AUTO_INCREMENT;
--
-- AUTO_INCREMENT for table `users`
--
ALTER TABLE `users`
  MODIFY `id` int(11) unsigned NOT NULL AUTO_INCREMENT,AUTO_INCREMENT=4;
--
-- AUTO_INCREMENT for table `users_devices`
--
ALTER TABLE `users_devices`
  MODIFY `id` int(11) unsigned NOT NULL AUTO_INCREMENT;
--
-- AUTO_INCREMENT for table `users_groups`
--
ALTER TABLE `users_groups`
  MODIFY `id` int(11) unsigned NOT NULL AUTO_INCREMENT;
--
-- Constraints for dumped tables
--

--
-- Constraints for table `fb_categories_videos`
--
ALTER TABLE `fb_categories_videos`
  ADD CONSTRAINT `fk_fb_categories_videos_video` FOREIGN KEY (`video_id`) REFERENCES `fb_videos` (`id`) ON DELETE CASCADE ON UPDATE CASCADE,
  ADD CONSTRAINT `fk_fb_categories_videos_catetory` FOREIGN KEY (`category_id`) REFERENCES `fb_categories` (`id`) ON DELETE CASCADE ON UPDATE CASCADE;

--
-- Constraints for table `fb_videos`
--
ALTER TABLE `fb_videos`
  ADD CONSTRAINT `fk_fb_videos_users_created` FOREIGN KEY (`created_by_id`) REFERENCES `users` (`id`) ON DELETE SET NULL ON UPDATE CASCADE,
  ADD CONSTRAINT `fk_fb_videos_users_update` FOREIGN KEY (`updated_by_id`) REFERENCES `users` (`id`) ON DELETE SET NULL ON UPDATE CASCADE;

--
-- Constraints for table `ff_categories`
--
ALTER TABLE `ff_categories`
  ADD CONSTRAINT `fk_categories_created_by` FOREIGN KEY (`created_by_id`) REFERENCES `users` (`id`) ON DELETE SET NULL ON UPDATE CASCADE;

--
-- Constraints for table `ff_dialogues`
--
ALTER TABLE `ff_dialogues`
  ADD CONSTRAINT `fk_inspector_id` FOREIGN KEY (`inspector_id`) REFERENCES `users` (`id`) ON DELETE SET NULL ON UPDATE CASCADE,
  ADD CONSTRAINT `fk_categories_id` FOREIGN KEY (`category_id`) REFERENCES `ff_categories` (`id`) ON DELETE SET NULL ON UPDATE CASCADE,
  ADD CONSTRAINT `fk_created_by` FOREIGN KEY (`created_by_id`) REFERENCES `users` (`id`) ON DELETE SET NULL ON UPDATE CASCADE,
  ADD CONSTRAINT `fk_dialogues_updated_by` FOREIGN KEY (`updated_by_id`) REFERENCES `users` (`id`) ON DELETE SET NULL ON UPDATE CASCADE;

--
-- Constraints for table `login_attempts`
--
ALTER TABLE `login_attempts`
  ADD CONSTRAINT `fk_login_attempts_users` FOREIGN KEY (`user_id`) REFERENCES `users` (`id`) ON DELETE CASCADE ON UPDATE CASCADE;

--
-- Constraints for table `projects`
--
ALTER TABLE `projects`
  ADD CONSTRAINT `fk_created_by_id` FOREIGN KEY (`created_by_id`) REFERENCES `users` (`id`) ON DELETE SET NULL ON UPDATE CASCADE;

--
-- Constraints for table `requests`
--
ALTER TABLE `requests`
  ADD CONSTRAINT `fk_requests_users` FOREIGN KEY (`user_id`) REFERENCES `users` (`id`) ON DELETE CASCADE ON UPDATE CASCADE;

--
-- Constraints for table `users_devices`
--
ALTER TABLE `users_devices`
  ADD CONSTRAINT `fk_users_devices_users` FOREIGN KEY (`user_id`) REFERENCES `users` (`id`) ON DELETE CASCADE ON UPDATE CASCADE,
  ADD CONSTRAINT `fk_users_devices_devices` FOREIGN KEY (`device_id`) REFERENCES `devices` (`id`) ON DELETE CASCADE ON UPDATE CASCADE,
  ADD CONSTRAINT `fk_users_devices_projects` FOREIGN KEY (`project_id`) REFERENCES `projects` (`id`) ON DELETE CASCADE ON UPDATE CASCADE;

--
-- Constraints for table `users_groups`
--
ALTER TABLE `users_groups`
  ADD CONSTRAINT `fk_users_groups_group` FOREIGN KEY (`group_id`) REFERENCES `groups` (`id`) ON DELETE CASCADE ON UPDATE CASCADE,
  ADD CONSTRAINT `fk_users_groups_user` FOREIGN KEY (`user_id`) REFERENCES `users` (`id`) ON DELETE CASCADE ON UPDATE CASCADE;

/*!40101 SET CHARACTER_SET_CLIENT=@OLD_CHARACTER_SET_CLIENT */;
/*!40101 SET CHARACTER_SET_RESULTS=@OLD_CHARACTER_SET_RESULTS */;
/*!40101 SET COLLATION_CONNECTION=@OLD_COLLATION_CONNECTION */;
